year,series_id,product,definition,category,unit,basket_quantity,annual_average_price,months_observed
1980,APU0000701111,Flour,"Flour, white, all purpose",Pantry,lb,5,0.2099,12
1981,APU0000701111,Flour,"Flour, white, all purpose",Pantry,lb,5,0.2242,12
1982,APU0000701111,Flour,"Flour, white, all purpose",Pantry,lb,5,0.2236,12
1983,APU0000701111,Flour,"Flour, white, all purpose",Pantry,lb,5,0.2178,12
1984,APU0000701111,Flour,"Flour, white, all purpose",Pantry,lb,5,0.2134,12
1985,APU0000701111,Flour,"Flour, white, all purpose",Pantry,lb,5,0.2119,12
1986,APU0000701111,Flour,"Flour, white, all purpose",Pantry,lb,5,0.2084,12
1987,APU0000701111,Flour,"Flour, white, all purpose",Pantry,lb,5,0.2054,12
1988,APU0000701111,Flour,"Flour, white, all purpose",Pantry,lb,5,0.2141,12
1989,APU0000701111,Flour,"Flour, white, all purpose",Pantry,lb,5,0.2446,12
1990,APU0000701111,Flour,"Flour, white, all purpose",Pantry,lb,5,0.2497,12
1991,APU0000701111,Flour,"Flour, white, all purpose",Pantry,lb,5,0.2336,12
1992,APU0000701111,Flour,"Flour, white, all purpose",Pantry,lb,5,0.243,12
1993,APU0000701111,Flour,"Flour, white, all purpose",Pantry,lb,5,0.2344,12
1994,APU0000701111,Flour,"Flour, white, all purpose",Pantry,lb,5,0.2311,12
1995,APU0000701111,Flour,"Flour, white, all purpose",Pantry,lb,5,0.2454,12
1996,APU0000701111,Flour,"Flour, white, all purpose",Pantry,lb,5,0.2877,12
1997,APU0000701111,Flour,"Flour, white, all purpose",Pantry,lb,5,0.3019,12
1998,APU0000701111,Flour,"Flour, white, all purpose",Pantry,lb,5,0.2998,12
1999,APU0000701111,Flour,"Flour, white, all purpose",Pantry,lb,5,0.2939,12
2000,APU0000701111,Flour,"Flour, white, all purpose",Pantry,lb,5,0.2903,12
2001,APU0000701111,Flour,"Flour, white, all purpose",Pantry,lb,5,0.3023,12
2002,APU0000701111,Flour,"Flour, white, all purpose",Pantry,lb,5,0.3115,12
2003,APU0000701111,Flour,"Flour, white, all purpose",Pantry,lb,5,0.3117,12
2004,APU0000701111,Flour,"Flour, white, all purpose",Pantry,lb,5,0.3026,12
2005,APU0000701111,Flour,"Flour, white, all purpose",Pantry,lb,5,0.3239,12
2006,APU0000701111,Flour,"Flour, white, all purpose",Pantry,lb,5,0.3287,12
2007,APU0000701111,Flour,"Flour, white, all purpose",Pantry,lb,5,0.3602,12
2008,APU0000701111,Flour,"Flour, white, all purpose",Pantry,lb,5,0.5067,12
2009,APU0000701111,Flour,"Flour, white, all purpose",Pantry,lb,5,0.5011,12
2010,APU0000701111,Flour,"Flour, white, all purpose",Pantry,lb,5,0.4769,12
2011,APU0000701111,Flour,"Flour, white, all purpose",Pantry,lb,5,0.5181,12
2012,APU0000701111,Flour,"Flour, white, all purpose",Pantry,lb,5,0.5169,12
2013,APU0000701111,Flour,"Flour, white, all purpose",Pantry,lb,5,0.5216,12
2014,APU0000701111,Flour,"Flour, white, all purpose",Pantry,lb,5,0.5298,12
2015,APU0000701111,Flour,"Flour, white, all purpose",Pantry,lb,5,0.5167,12
2016,APU0000701111,Flour,"Flour, white, all purpose",Pantry,lb,5,0.525,12
2017,APU0000701111,Flour,"Flour, white, all purpose",Pantry,lb,5,0.5072,12
2018,APU0000701111,Flour,"Flour, white, all purpose",Pantry,lb,5,0.4618,12
2019,APU0000701111,Flour,"Flour, white, all purpose",Pantry,lb,5,0.4412,12
2021,APU0000701111,Flour,"Flour, white, all purpose",Pantry,lb,5,0.4037,12
2022,APU0000701111,Flour,"Flour, white, all purpose",Pantry,lb,5,0.4939,12
2023,APU0000701111,Flour,"Flour, white, all purpose",Pantry,lb,5,0.5507,12
2024,APU0000701111,Flour,"Flour, white, all purpose",Pantry,lb,5,0.5652,12
1980,APU0000701312,Rice,"Rice, white, long grain, uncooked",Pantry,lb,4,0.5116,12
1981,APU0000701312,Rice,"Rice, white, long grain, uncooked",Pantry,lb,4,0.563,12
1982,APU0000701312,Rice,"Rice, white, long grain, uncooked",Pantry,lb,4,0.5048,12
1983,APU0000701312,Rice,"Rice, white, long grain, uncooked",Pantry,lb,4,0.4732,12
1984,APU0000701312,Rice,"Rice, white, long grain, uncooked",Pantry,lb,4,0.478,12
1985,APU0000701312,Rice,"Rice, white, long grain, uncooked",Pantry,lb,4,0.4698,12
1986,APU0000701312,Rice,"Rice, white, long grain, uncooked",Pantry,lb,4,0.4455,12
1987,APU0000701312,Rice,"Rice, white, long grain, uncooked",Pantry,lb,4,0.4015,12
1988,APU0000701312,Rice,"Rice, white, long grain, uncooked",Pantry,lb,4,0.4844,12
1989,APU0000701312,Rice,"Rice, white, long grain, uncooked",Pantry,lb,4,0.4985,12
1990,APU0000701312,Rice,"Rice, white, long grain, uncooked",Pantry,lb,4,0.4964,12
1991,APU0000701312,Rice,"Rice, white, long grain, uncooked",Pantry,lb,4,0.5027,12
1992,APU0000701312,Rice,"Rice, white, long grain, uncooked",Pantry,lb,4,0.5279,12
1993,APU0000701312,Rice,"Rice, white, long grain, uncooked",Pantry,lb,4,0.5122,12
1994,APU0000701312,Rice,"Rice, white, long grain, uncooked",Pantry,lb,4,0.5467,12
1995,APU0000701312,Rice,"Rice, white, long grain, uncooked",Pantry,lb,4,0.5245,12
1996,APU0000701312,Rice,"Rice, white, long grain, uncooked",Pantry,lb,4,0.5462,12
1997,APU0000701312,Rice,"Rice, white, long grain, uncooked",Pantry,lb,4,0.565,12
1998,APU0000701312,Rice,"Rice, white, long grain, uncooked",Pantry,lb,4,0.5419,12
1999,APU0000701312,Rice,"Rice, white, long grain, uncooked",Pantry,lb,4,0.5368,12
2003,APU0000701312,Rice,"Rice, white, long grain, uncooked",Pantry,lb,4,0.4522,12
2004,APU0000701312,Rice,"Rice, white, long grain, uncooked",Pantry,lb,4,0.5363,12
2005,APU0000701312,Rice,"Rice, white, long grain, uncooked",Pantry,lb,4,0.5541,12
2006,APU0000701312,Rice,"Rice, white, long grain, uncooked",Pantry,lb,4,0.5492,12
2007,APU0000701312,Rice,"Rice, white, long grain, uncooked",Pantry,lb,4,0.549,12
2008,APU0000701312,Rice,"Rice, white, long grain, uncooked",Pantry,lb,4,0.7326,12
2009,APU0000701312,Rice,"Rice, white, long grain, uncooked",Pantry,lb,4,0.7657,12
2010,APU0000701312,Rice,"Rice, white, long grain, uncooked",Pantry,lb,4,0.7407,12
2011,APU0000701312,Rice,"Rice, white, long grain, uncooked",Pantry,lb,4,0.7407,12
2012,APU0000701312,Rice,"Rice, white, long grain, uncooked",Pantry,lb,4,0.6968,12
2013,APU0000701312,Rice,"Rice, white, long grain, uncooked",Pantry,lb,4,0.7236,12
2014,APU0000701312,Rice,"Rice, white, long grain, uncooked",Pantry,lb,4,0.734,12
2015,APU0000701312,Rice,"Rice, white, long grain, uncooked",Pantry,lb,4,0.6854,12
2016,APU0000701312,Rice,"Rice, white, long grain, uncooked",Pantry,lb,4,0.7162,12
2017,APU0000701312,Rice,"Rice, white, long grain, uncooked",Pantry,lb,4,0.7212,12
2018,APU0000701312,Rice,"Rice, white, long grain, uncooked",Pantry,lb,4,0.6936,12
2019,APU0000701312,Rice,"Rice, white, long grain, uncooked",Pantry,lb,4,0.7645,12
2021,APU0000701312,Rice,"Rice, white, long grain, uncooked",Pantry,lb,4,0.7938,12
2022,APU0000701312,Rice,"Rice, white, long grain, uncooked",Pantry,lb,4,0.913,12
2023,APU0000701312,Rice,"Rice, white, long grain, uncooked",Pantry,lb,4,0.9848,12
2024,APU0000701312,Rice,"Rice, white, long grain, uncooked",Pantry,lb,4,1.0342,12
1984,APU0000701322,Spaghetti,Spaghetti and macaroni,Pantry,lb,2,0.7338,12
1985,APU0000701322,Spaghetti,Spaghetti and macaroni,Pantry,lb,2,0.7393,12
1986,APU0000701322,Spaghetti,Spaghetti and macaroni,Pantry,lb,2,0.7381,12
1987,APU0000701322,Spaghetti,Spaghetti and macaroni,Pantry,lb,2,0.7324,12
1988,APU0000701322,Spaghetti,Spaghetti and macaroni,Pantry,lb,2,0.8023,12
1989,APU0000701322,Spaghetti,Spaghetti and macaroni,Pantry,lb,2,0.8651,12
1990,APU0000701322,Spaghetti,Spaghetti and macaroni,Pantry,lb,2,0.8542,12
1991,APU0000701322,Spaghetti,Spaghetti and macaroni,Pantry,lb,2,0.868,12
1992,APU0000701322,Spaghetti,Spaghetti and macaroni,Pantry,lb,2,0.8578,12
1993,APU0000701322,Spaghetti,Spaghetti and macaroni,Pantry,lb,2,0.8259,12
1994,APU0000701322,Spaghetti,Spaghetti and macaroni,Pantry,lb,2,0.8651,12
1995,APU0000701322,Spaghetti,Spaghetti and macaroni,Pantry,lb,2,0.8607,12
1996,APU0000701322,Spaghetti,Spaghetti and macaroni,Pantry,lb,2,0.8646,12
1997,APU0000701322,Spaghetti,Spaghetti and macaroni,Pantry,lb,2,0.8727,12
1998,APU0000701322,Spaghetti,Spaghetti and macaroni,Pantry,lb,2,0.8801,12
1999,APU0000701322,Spaghetti,Spaghetti and macaroni,Pantry,lb,2,0.8786,12
2000,APU0000701322,Spaghetti,Spaghetti and macaroni,Pantry,lb,2,0.8622,12
2001,APU0000701322,Spaghetti,Spaghetti and macaroni,Pantry,lb,2,0.9075,12
2002,APU0000701322,Spaghetti,Spaghetti and macaroni,Pantry,lb,2,0.9184,12
2003,APU0000701322,Spaghetti,Spaghetti and macaroni,Pantry,lb,2,0.9327,12
2004,APU0000701322,Spaghetti,Spaghetti and macaroni,Pantry,lb,2,0.9465,12
2005,APU0000701322,Spaghetti,Spaghetti and macaroni,Pantry,lb,2,0.8987,12
2006,APU0000701322,Spaghetti,Spaghetti and macaroni,Pantry,lb,2,0.8585,12
2007,APU0000701322,Spaghetti,Spaghetti and macaroni,Pantry,lb,2,0.875,12
2008,APU0000701322,Spaghetti,Spaghetti and macaroni,Pantry,lb,2,1.12,12
2009,APU0000701322,Spaghetti,Spaghetti and macaroni,Pantry,lb,2,1.1643,12
2010,APU0000701322,Spaghetti,Spaghetti and macaroni,Pantry,lb,2,1.1375,12
2011,APU0000701322,Spaghetti,Spaghetti and macaroni,Pantry,lb,2,1.2421,12
2012,APU0000701322,Spaghetti,Spaghetti and macaroni,Pantry,lb,2,1.3216,12
2013,APU0000701322,Spaghetti,Spaghetti and macaroni,Pantry,lb,2,1.3048,12
2014,APU0000701322,Spaghetti,Spaghetti and macaroni,Pantry,lb,2,1.2829,12
2015,APU0000701322,Spaghetti,Spaghetti and macaroni,Pantry,lb,2,1.3183,12
2016,APU0000701322,Spaghetti,Spaghetti and macaroni,Pantry,lb,2,1.3002,12
2017,APU0000701322,Spaghetti,Spaghetti and macaroni,Pantry,lb,2,1.2769,12
2018,APU0000701322,Spaghetti,Spaghetti and macaroni,Pantry,lb,2,1.1856,12
2019,APU0000701322,Spaghetti,Spaghetti and macaroni,Pantry,lb,2,1.2056,12
2020,APU0000701322,Spaghetti,Spaghetti and macaroni,Pantry,lb,2,1.2627,12
2021,APU0000701322,Spaghetti,Spaghetti and macaroni,Pantry,lb,2,1.1792,12
2022,APU0000701322,Spaghetti,Spaghetti and macaroni,Pantry,lb,2,1.2962,12
2023,APU0000701322,Spaghetti,Spaghetti and macaroni,Pantry,lb,2,1.4326,12
2024,APU0000701322,Spaghetti,Spaghetti and macaroni,Pantry,lb,2,1.4156,12
1980,APU0000702111,Bread,"Bread, white, pan",Pantry,lb,2,0.5088,12
1981,APU0000702111,Bread,"Bread, white, pan",Pantry,lb,2,0.5252,12
1982,APU0000702111,Bread,"Bread, white, pan",Pantry,lb,2,0.5322,12
1983,APU0000702111,Bread,"Bread, white, pan",Pantry,lb,2,0.5416,12
1984,APU0000702111,Bread,"Bread, white, pan",Pantry,lb,2,0.5413,12
1985,APU0000702111,Bread,"Bread, white, pan",Pantry,lb,2,0.5533,12
1986,APU0000702111,Bread,"Bread, white, pan",Pantry,lb,2,0.5647,12
1987,APU0000702111,Bread,"Bread, white, pan",Pantry,lb,2,0.5474,12
1988,APU0000702111,Bread,"Bread, white, pan",Pantry,lb,2,0.6128,12
1989,APU0000702111,Bread,"Bread, white, pan",Pantry,lb,2,0.6656,12
1990,APU0000702111,Bread,"Bread, white, pan",Pantry,lb,2,0.6946,12
1991,APU0000702111,Bread,"Bread, white, pan",Pantry,lb,2,0.7098,12
1992,APU0000702111,Bread,"Bread, white, pan",Pantry,lb,2,0.7498,12
1993,APU0000702111,Bread,"Bread, white, pan",Pantry,lb,2,0.7521,12
1994,APU0000702111,Bread,"Bread, white, pan",Pantry,lb,2,0.7607,12
1995,APU0000702111,Bread,"Bread, white, pan",Pantry,lb,2,0.7913,12
1996,APU0000702111,Bread,"Bread, white, pan",Pantry,lb,2,0.8757,12
1997,APU0000702111,Bread,"Bread, white, pan",Pantry,lb,2,0.8723,12
1998,APU0000702111,Bread,"Bread, white, pan",Pantry,lb,2,0.8602,12
1999,APU0000702111,Bread,"Bread, white, pan",Pantry,lb,2,0.8871,12
2000,APU0000702111,Bread,"Bread, white, pan",Pantry,lb,2,0.9302,12
2001,APU0000702111,Bread,"Bread, white, pan",Pantry,lb,2,0.9991,12
2002,APU0000702111,Bread,"Bread, white, pan",Pantry,lb,2,1.0156,12
2003,APU0000702111,Bread,"Bread, white, pan",Pantry,lb,2,1.0008,12
2004,APU0000702111,Bread,"Bread, white, pan",Pantry,lb,2,0.9694,12
2005,APU0000702111,Bread,"Bread, white, pan",Pantry,lb,2,1.0403,12
2006,APU0000702111,Bread,"Bread, white, pan",Pantry,lb,2,1.0805,12
2007,APU0000702111,Bread,"Bread, white, pan",Pantry,lb,2,1.2073,12
2008,APU0000702111,Bread,"Bread, white, pan",Pantry,lb,2,1.3664,12
2009,APU0000702111,Bread,"Bread, white, pan",Pantry,lb,2,1.3874,12
2010,APU0000702111,Bread,"Bread, white, pan",Pantry,lb,2,1.3733,12
2011,APU0000702111,Bread,"Bread, white, pan",Pantry,lb,2,1.4447,12
2012,APU0000702111,Bread,"Bread, white, pan",Pantry,lb,2,1.4177,12
2013,APU0000702111,Bread,"Bread, white, pan",Pantry,lb,2,1.4067,12
2014,APU0000702111,Bread,"Bread, white, pan",Pantry,lb,2,1.4012,12
2015,APU0000702111,Bread,"Bread, white, pan",Pantry,lb,2,1.441,12
2016,APU0000702111,Bread,"Bread, white, pan",Pantry,lb,2,1.3712,12
2017,APU0000702111,Bread,"Bread, white, pan",Pantry,lb,2,1.3326,12
2018,APU0000702111,Bread,"Bread, white, pan",Pantry,lb,2,1.286,12
2019,APU0000702111,Bread,"Bread, white, pan",Pantry,lb,2,1.2977,12
2020,APU0000702111,Bread,"Bread, white, pan",Pantry,lb,2,1.4517,12
2021,APU0000702111,Bread,"Bread, white, pan",Pantry,lb,2,1.5236,12
2022,APU0000702111,Bread,"Bread, white, pan",Pantry,lb,2,1.7002,12
2023,APU0000702111,Bread,"Bread, white, pan",Pantry,lb,2,1.9601,12
2024,APU0000702111,Bread,"Bread, white, pan",Pantry,lb,2,1.9704,12
1980,APU0000702212,Whole wheat bread,"Bread, whole wheat, pan",Pantry,lb,2,0.7262,12
1981,APU0000702212,Whole wheat bread,"Bread, whole wheat, pan",Pantry,lb,2,0.7756,12
1982,APU0000702212,Whole wheat bread,"Bread, whole wheat, pan",Pantry,lb,2,0.8164,12
1983,APU0000702212,Whole wheat bread,"Bread, whole wheat, pan",Pantry,lb,2,0.8427,12
1984,APU0000702212,Whole wheat bread,"Bread, whole wheat, pan",Pantry,lb,2,0.8758,12
1985,APU0000702212,Whole wheat bread,"Bread, whole wheat, pan",Pantry,lb,2,0.8592,12
1986,APU0000702212,Whole wheat bread,"Bread, whole wheat, pan",Pantry,lb,2,0.8678,12
1987,APU0000702212,Whole wheat bread,"Bread, whole wheat, pan",Pantry,lb,2,0.8799,12
1991,APU0000702212,Whole wheat bread,"Bread, whole wheat, pan",Pantry,lb,2,1.0689,12
1992,APU0000702212,Whole wheat bread,"Bread, whole wheat, pan",Pantry,lb,2,1.0614,12
1993,APU0000702212,Whole wheat bread,"Bread, whole wheat, pan",Pantry,lb,2,1.0782,12
1994,APU0000702212,Whole wheat bread,"Bread, whole wheat, pan",Pantry,lb,2,1.1354,12
1995,APU0000702212,Whole wheat bread,"Bread, whole wheat, pan",Pantry,lb,2,1.1476,12
1996,APU0000702212,Whole wheat bread,"Bread, whole wheat, pan",Pantry,lb,2,1.2528,12
1997,APU0000702212,Whole wheat bread,"Bread, whole wheat, pan",Pantry,lb,2,1.2828,12
1998,APU0000702212,Whole wheat bread,"Bread, whole wheat, pan",Pantry,lb,2,1.2945,12
1999,APU0000702212,Whole wheat bread,"Bread, whole wheat, pan",Pantry,lb,2,1.3305,12
2000,APU0000702212,Whole wheat bread,"Bread, whole wheat, pan",Pantry,lb,2,1.357,12
2001,APU0000702212,Whole wheat bread,"Bread, whole wheat, pan",Pantry,lb,2,1.4385,12
2002,APU0000702212,Whole wheat bread,"Bread, whole wheat, pan",Pantry,lb,2,1.4604,12
2005,APU0000702212,Whole wheat bread,"Bread, whole wheat, pan",Pantry,lb,2,1.3534,12
2006,APU0000702212,Whole wheat bread,"Bread, whole wheat, pan",Pantry,lb,2,1.4174,12
2007,APU0000702212,Whole wheat bread,"Bread, whole wheat, pan",Pantry,lb,2,1.7082,12
2008,APU0000702212,Whole wheat bread,"Bread, whole wheat, pan",Pantry,lb,2,1.9373,12
2009,APU0000702212,Whole wheat bread,"Bread, whole wheat, pan",Pantry,lb,2,1.8807,12
2010,APU0000702212,Whole wheat bread,"Bread, whole wheat, pan",Pantry,lb,2,1.7821,12
2011,APU0000702212,Whole wheat bread,"Bread, whole wheat, pan",Pantry,lb,2,1.9604,12
2012,APU0000702212,Whole wheat bread,"Bread, whole wheat, pan",Pantry,lb,2,1.988,12
2013,APU0000702212,Whole wheat bread,"Bread, whole wheat, pan",Pantry,lb,2,2.0417,12
2014,APU0000702212,Whole wheat bread,"Bread, whole wheat, pan",Pantry,lb,2,2.0344,12
2015,APU0000702212,Whole wheat bread,"Bread, whole wheat, pan",Pantry,lb,2,1.9918,12
2016,APU0000702212,Whole wheat bread,"Bread, whole wheat, pan",Pantry,lb,2,1.9644,12
2017,APU0000702212,Whole wheat bread,"Bread, whole wheat, pan",Pantry,lb,2,1.9909,12
2018,APU0000702212,Whole wheat bread,"Bread, whole wheat, pan",Pantry,lb,2,1.9605,12
2019,APU0000702212,Whole wheat bread,"Bread, whole wheat, pan",Pantry,lb,2,1.9443,12
2020,APU0000702212,Whole wheat bread,"Bread, whole wheat, pan",Pantry,lb,2,2.0911,12
2021,APU0000702212,Whole wheat bread,"Bread, whole wheat, pan",Pantry,lb,2,2.1338,12
2022,APU0000702212,Whole wheat bread,"Bread, whole wheat, pan",Pantry,lb,2,2.2553,12
2023,APU0000702212,Whole wheat bread,"Bread, whole wheat, pan",Pantry,lb,2,2.558,12
2024,APU0000702212,Whole wheat bread,"Bread, whole wheat, pan",Pantry,lb,2,2.7031,12
1984,APU0000703112,Ground beef,"Ground beef, 100% beef",Protein,lb,2,1.2872,12
1985,APU0000703112,Ground beef,"Ground beef, 100% beef",Protein,lb,2,1.2375,12
1986,APU0000703112,Ground beef,"Ground beef, 100% beef",Protein,lb,2,1.232,12
1987,APU0000703112,Ground beef,"Ground beef, 100% beef",Protein,lb,2,1.3099,12
1988,APU0000703112,Ground beef,"Ground beef, 100% beef",Protein,lb,2,1.3647,12
1989,APU0000703112,Ground beef,"Ground beef, 100% beef",Protein,lb,2,1.4398,12
1990,APU0000703112,Ground beef,"Ground beef, 100% beef",Protein,lb,2,1.5873,12
1991,APU0000703112,Ground beef,"Ground beef, 100% beef",Protein,lb,2,1.5951,12
1992,APU0000703112,Ground beef,"Ground beef, 100% beef",Protein,lb,2,1.5415,12
1993,APU0000703112,Ground beef,"Ground beef, 100% beef",Protein,lb,2,1.5692,12
1994,APU0000703112,Ground beef,"Ground beef, 100% beef",Protein,lb,2,1.4771,12
1995,APU0000703112,Ground beef,"Ground beef, 100% beef",Protein,lb,2,1.3692,12
1996,APU0000703112,Ground beef,"Ground beef, 100% beef",Protein,lb,2,1.3688,12
1997,APU0000703112,Ground beef,"Ground beef, 100% beef",Protein,lb,2,1.3964,12
1998,APU0000703112,Ground beef,"Ground beef, 100% beef",Protein,lb,2,1.4119,12
1999,APU0000703112,Ground beef,"Ground beef, 100% beef",Protein,lb,2,1.4534,12
2000,APU0000703112,Ground beef,"Ground beef, 100% beef",Protein,lb,2,1.5694,12
2001,APU0000703112,Ground beef,"Ground beef, 100% beef",Protein,lb,2,1.7142,12
2002,APU0000703112,Ground beef,"Ground beef, 100% beef",Protein,lb,2,1.7127,12
2003,APU0000703112,Ground beef,"Ground beef, 100% beef",Protein,lb,2,1.9504,12
2004,APU0000703112,Ground beef,"Ground beef, 100% beef",Protein,lb,2,2.1592,12
2005,APU0000703112,Ground beef,"Ground beef, 100% beef",Protein,lb,2,2.2964,12
2006,APU0000703112,Ground beef,"Ground beef, 100% beef",Protein,lb,2,2.2212,12
2007,APU0000703112,Ground beef,"Ground beef, 100% beef",Protein,lb,2,2.2993,12
2008,APU0000703112,Ground beef,"Ground beef, 100% beef",Protein,lb,2,2.3433,12
2009,APU0000703112,Ground beef,"Ground beef, 100% beef",Protein,lb,2,2.2207,12
2010,APU0000703112,Ground beef,"Ground beef, 100% beef",Protein,lb,2,2.3659,12
2011,APU0000703112,Ground beef,"Ground beef, 100% beef",Protein,lb,2,2.7748,12
2013,APU0000703112,Ground beef,"Ground beef, 100% beef",Protein,lb,2,3.4017,12
2014,APU0000703112,Ground beef,"Ground beef, 100% beef",Protein,lb,2,3.8973,12
2015,APU0000703112,Ground beef,"Ground beef, 100% beef",Protein,lb,2,4.1668,12
2016,APU0000703112,Ground beef,"Ground beef, 100% beef",Protein,lb,2,3.7501,12
2017,APU0000703112,Ground beef,"Ground beef, 100% beef",Protein,lb,2,3.643,12
2018,APU0000703112,Ground beef,"Ground beef, 100% beef",Protein,lb,2,3.7153,12
2019,APU0000703112,Ground beef,"Ground beef, 100% beef",Protein,lb,2,3.8065,12
2020,APU0000703112,Ground beef,"Ground beef, 100% beef",Protein,lb,2,4.1154,12
2021,APU0000703112,Ground beef,"Ground beef, 100% beef",Protein,lb,2,4.3289,12
2022,APU0000703112,Ground beef,"Ground beef, 100% beef",Protein,lb,2,4.8101,12
2023,APU0000703112,Ground beef,"Ground beef, 100% beef",Protein,lb,2,5.0197,12
2024,APU0000703112,Ground beef,"Ground beef, 100% beef",Protein,lb,2,5.3929,12
1980,APU0000704111,Bacon,"Bacon, sliced",Protein,lb,1,1.4647,12
1981,APU0000704111,Bacon,"Bacon, sliced",Protein,lb,1,1.6658,12
1982,APU0000704111,Bacon,"Bacon, sliced",Protein,lb,1,2.0531,12
1983,APU0000704111,Bacon,"Bacon, sliced",Protein,lb,1,1.9418,12
1984,APU0000704111,Bacon,"Bacon, sliced",Protein,lb,1,1.8572,12
1985,APU0000704111,Bacon,"Bacon, sliced",Protein,lb,1,1.9397,12
1986,APU0000704111,Bacon,"Bacon, sliced",Protein,lb,1,2.0818,12
1987,APU0000704111,Bacon,"Bacon, sliced",Protein,lb,1,2.1414,12
1988,APU0000704111,Bacon,"Bacon, sliced",Protein,lb,1,1.8833,12
1989,APU0000704111,Bacon,"Bacon, sliced",Protein,lb,1,1.7668,12
1990,APU0000704111,Bacon,"Bacon, sliced",Protein,lb,1,2.1248,12
1991,APU0000704111,Bacon,"Bacon, sliced",Protein,lb,1,2.2197,12
1992,APU0000704111,Bacon,"Bacon, sliced",Protein,lb,1,1.9153,12
1993,APU0000704111,Bacon,"Bacon, sliced",Protein,lb,1,1.931,12
1994,APU0000704111,Bacon,"Bacon, sliced",Protein,lb,1,1.9896,12
1995,APU0000704111,Bacon,"Bacon, sliced",Protein,lb,1,1.9857,12
1996,APU0000704111,Bacon,"Bacon, sliced",Protein,lb,1,2.4729,12
1997,APU0000704111,Bacon,"Bacon, sliced",Protein,lb,1,2.6815,12
1998,APU0000704111,Bacon,"Bacon, sliced",Protein,lb,1,2.5431,12
1999,APU0000704111,Bacon,"Bacon, sliced",Protein,lb,1,2.5482,12
2000,APU0000704111,Bacon,"Bacon, sliced",Protein,lb,1,3.0306,12
2001,APU0000704111,Bacon,"Bacon, sliced",Protein,lb,1,3.2546,12
2002,APU0000704111,Bacon,"Bacon, sliced",Protein,lb,1,3.2362,12
2003,APU0000704111,Bacon,"Bacon, sliced",Protein,lb,1,3.1979,12
2004,APU0000704111,Bacon,"Bacon, sliced",Protein,lb,1,3.3763,12
2005,APU0000704111,Bacon,"Bacon, sliced",Protein,lb,1,3.3921,12
2006,APU0000704111,Bacon,"Bacon, sliced",Protein,lb,1,3.4439,12
2007,APU0000704111,Bacon,"Bacon, sliced",Protein,lb,1,3.6563,12
2008,APU0000704111,Bacon,"Bacon, sliced",Protein,lb,1,3.6604,12
2009,APU0000704111,Bacon,"Bacon, sliced",Protein,lb,1,3.608,12
2010,APU0000704111,Bacon,"Bacon, sliced",Protein,lb,1,4.1052,12
2011,APU0000704111,Bacon,"Bacon, sliced",Protein,lb,1,4.6285,12
2012,APU0000704111,Bacon,"Bacon, sliced",Protein,lb,1,4.5563,12
2013,APU0000704111,Bacon,"Bacon, sliced",Protein,lb,1,5.2862,12
2014,APU0000704111,Bacon,"Bacon, sliced",Protein,lb,1,5.7762,12
2015,APU0000704111,Bacon,"Bacon, sliced",Protein,lb,1,5.4538,12
2016,APU0000704111,Bacon,"Bacon, sliced",Protein,lb,1,5.4208,12
2017,APU0000704111,Bacon,"Bacon, sliced",Protein,lb,1,5.7689,12
2018,APU0000704111,Bacon,"Bacon, sliced",Protein,lb,1,5.4662,12
2019,APU0000704111,Bacon,"Bacon, sliced",Protein,lb,1,5.6125,12
2020,APU0000704111,Bacon,"Bacon, sliced",Protein,lb,1,5.5822,12
2021,APU0000704111,Bacon,"Bacon, sliced",Protein,lb,1,6.6382,12
2022,APU0000704111,Bacon,"Bacon, sliced",Protein,lb,1,7.3073,12
2023,APU0000704111,Bacon,"Bacon, sliced",Protein,lb,1,6.6537,12
2024,APU0000704111,Bacon,"Bacon, sliced",Protein,lb,1,6.7763,12
1980,APU0000706111,Whole chicken,"Chicken, fresh, whole",Protein,lb,3,0.7086,12
1981,APU0000706111,Whole chicken,"Chicken, fresh, whole",Protein,lb,3,0.7318,12
1982,APU0000706111,Whole chicken,"Chicken, fresh, whole",Protein,lb,3,0.7136,12
1983,APU0000706111,Whole chicken,"Chicken, fresh, whole",Protein,lb,3,0.7247,12
1984,APU0000706111,Whole chicken,"Chicken, fresh, whole",Protein,lb,3,0.8101,12
1985,APU0000706111,Whole chicken,"Chicken, fresh, whole",Protein,lb,3,0.7633,12
1986,APU0000706111,Whole chicken,"Chicken, fresh, whole",Protein,lb,3,0.835,12
1987,APU0000706111,Whole chicken,"Chicken, fresh, whole",Protein,lb,3,0.7848,12
1988,APU0000706111,Whole chicken,"Chicken, fresh, whole",Protein,lb,3,0.8537,12
1989,APU0000706111,Whole chicken,"Chicken, fresh, whole",Protein,lb,3,0.927,12
1990,APU0000706111,Whole chicken,"Chicken, fresh, whole",Protein,lb,3,0.8992,12
1991,APU0000706111,Whole chicken,"Chicken, fresh, whole",Protein,lb,3,0.8803,12
1992,APU0000706111,Whole chicken,"Chicken, fresh, whole",Protein,lb,3,0.8693,12
1993,APU0000706111,Whole chicken,"Chicken, fresh, whole",Protein,lb,3,0.8902,12
1994,APU0000706111,Whole chicken,"Chicken, fresh, whole",Protein,lb,3,0.9009,12
1995,APU0000706111,Whole chicken,"Chicken, fresh, whole",Protein,lb,3,0.9167,12
1996,APU0000706111,Whole chicken,"Chicken, fresh, whole",Protein,lb,3,0.9727,12
1997,APU0000706111,Whole chicken,"Chicken, fresh, whole",Protein,lb,3,1.0019,12
1998,APU0000706111,Whole chicken,"Chicken, fresh, whole",Protein,lb,3,1.0437,12
1999,APU0000706111,Whole chicken,"Chicken, fresh, whole",Protein,lb,3,1.0559,12
2000,APU0000706111,Whole chicken,"Chicken, fresh, whole",Protein,lb,3,1.0712,12
2001,APU0000706111,Whole chicken,"Chicken, fresh, whole",Protein,lb,3,1.1052,12
2002,APU0000706111,Whole chicken,"Chicken, fresh, whole",Protein,lb,3,1.0739,12
2003,APU0000706111,Whole chicken,"Chicken, fresh, whole",Protein,lb,3,1.0344,12
2004,APU0000706111,Whole chicken,"Chicken, fresh, whole",Protein,lb,3,1.0696,12
2005,APU0000706111,Whole chicken,"Chicken, fresh, whole",Protein,lb,3,1.0557,12
2006,APU0000706111,Whole chicken,"Chicken, fresh, whole",Protein,lb,3,1.0493,12
2007,APU0000706111,Whole chicken,"Chicken, fresh, whole",Protein,lb,3,1.1152,12
2008,APU0000706111,Whole chicken,"Chicken, fresh, whole",Protein,lb,3,1.2069,12
2009,APU0000706111,Whole chicken,"Chicken, fresh, whole",Protein,lb,3,1.2782,12
2010,APU0000706111,Whole chicken,"Chicken, fresh, whole",Protein,lb,3,1.2632,12
2011,APU0000706111,Whole chicken,"Chicken, fresh, whole",Protein,lb,3,1.2913,12
2012,APU0000706111,Whole chicken,"Chicken, fresh, whole",Protein,lb,3,1.4222,12
2013,APU0000706111,Whole chicken,"Chicken, fresh, whole",Protein,lb,3,1.4962,12
2014,APU0000706111,Whole chicken,"Chicken, fresh, whole",Protein,lb,3,1.5333,12
2015,APU0000706111,Whole chicken,"Chicken, fresh, whole",Protein,lb,3,1.4883,12
2016,APU0000706111,Whole chicken,"Chicken, fresh, whole",Protein,lb,3,1.4637,12
2017,APU0000706111,Whole chicken,"Chicken, fresh, whole",Protein,lb,3,1.4719,12
2018,APU0000706111,Whole chicken,"Chicken, fresh, whole",Protein,lb,3,1.4971,12
2019,APU0000706111,Whole chicken,"Chicken, fresh, whole",Protein,lb,3,1.495,12
2021,APU0000706111,Whole chicken,"Chicken, fresh, whole",Protein,lb,3,1.5266,12
2022,APU0000706111,Whole chicken,"Chicken, fresh, whole",Protein,lb,3,1.8007,12
2023,APU0000706111,Whole chicken,"Chicken, fresh, whole",Protein,lb,3,1.9142,12
2024,APU0000706111,Whole chicken,"Chicken, fresh, whole",Protein,lb,3,1.9984,12
1980,APU0000708111,Eggs,"Eggs, Grade A, large",Protein,dozen,1,0.8438,12
1981,APU0000708111,Eggs,"Eggs, Grade A, large",Protein,dozen,1,0.8987,12
1982,APU0000708111,Eggs,"Eggs, Grade A, large",Protein,dozen,1,0.8668,12
1983,APU0000708111,Eggs,"Eggs, Grade A, large",Protein,dozen,1,0.8937,12
1984,APU0000708111,Eggs,"Eggs, Grade A, large",Protein,dozen,1,1.0047,12
1985,APU0000708111,Eggs,"Eggs, Grade A, large",Protein,dozen,1,0.8036,12
1986,APU0000708111,Eggs,"Eggs, Grade A, large",Protein,dozen,1,0.8696,12
1987,APU0000708111,Eggs,"Eggs, Grade A, large",Protein,dozen,1,0.7826,12
1988,APU0000708111,Eggs,"Eggs, Grade A, large",Protein,dozen,1,0.7895,12
1989,APU0000708111,Eggs,"Eggs, Grade A, large",Protein,dozen,1,0.9978,12
1990,APU0000708111,Eggs,"Eggs, Grade A, large",Protein,dozen,1,1.0139,12
1991,APU0000708111,Eggs,"Eggs, Grade A, large",Protein,dozen,1,0.9893,12
1992,APU0000708111,Eggs,"Eggs, Grade A, large",Protein,dozen,1,0.8602,12
1993,APU0000708111,Eggs,"Eggs, Grade A, large",Protein,dozen,1,0.9114,12
1994,APU0000708111,Eggs,"Eggs, Grade A, large",Protein,dozen,1,0.8628,12
1995,APU0000708111,Eggs,"Eggs, Grade A, large",Protein,dozen,1,0.9245,12
1996,APU0000708111,Eggs,"Eggs, Grade A, large",Protein,dozen,1,1.1063,12
1997,APU0000708111,Eggs,"Eggs, Grade A, large",Protein,dozen,1,1.0583,12
1998,APU0000708111,Eggs,"Eggs, Grade A, large",Protein,dozen,1,1.0374,12
1999,APU0000708111,Eggs,"Eggs, Grade A, large",Protein,dozen,1,0.9592,12
2000,APU0000708111,Eggs,"Eggs, Grade A, large",Protein,dozen,1,0.9135,12
2001,APU0000708111,Eggs,"Eggs, Grade A, large",Protein,dozen,1,0.9293,12
2002,APU0000708111,Eggs,"Eggs, Grade A, large",Protein,dozen,1,1.032,12
2003,APU0000708111,Eggs,"Eggs, Grade A, large",Protein,dozen,1,1.2444,12
2004,APU0000708111,Eggs,"Eggs, Grade A, large",Protein,dozen,1,1.3395,12
2005,APU0000708111,Eggs,"Eggs, Grade A, large",Protein,dozen,1,1.2182,12
2006,APU0000708111,Eggs,"Eggs, Grade A, large",Protein,dozen,1,1.3063,12
2007,APU0000708111,Eggs,"Eggs, Grade A, large",Protein,dozen,1,1.6762,12
2008,APU0000708111,Eggs,"Eggs, Grade A, large",Protein,dozen,1,1.9865,12
2009,APU0000708111,Eggs,"Eggs, Grade A, large",Protein,dozen,1,1.664,12
2010,APU0000708111,Eggs,"Eggs, Grade A, large",Protein,dozen,1,1.6597,12
2011,APU0000708111,Eggs,"Eggs, Grade A, large",Protein,dozen,1,1.7695,12
2012,APU0000708111,Eggs,"Eggs, Grade A, large",Protein,dozen,1,1.8377,12
2013,APU0000708111,Eggs,"Eggs, Grade A, large",Protein,dozen,1,1.9095,12
2014,APU0000708111,Eggs,"Eggs, Grade A, large",Protein,dozen,1,2.0185,12
2015,APU0000708111,Eggs,"Eggs, Grade A, large",Protein,dozen,1,2.4694,12
2016,APU0000708111,Eggs,"Eggs, Grade A, large",Protein,dozen,1,1.6842,12
2017,APU0000708111,Eggs,"Eggs, Grade A, large",Protein,dozen,1,1.4671,12
2018,APU0000708111,Eggs,"Eggs, Grade A, large",Protein,dozen,1,1.7417,12
2019,APU0000708111,Eggs,"Eggs, Grade A, large",Protein,dozen,1,1.3958,12
2020,APU0000708111,Eggs,"Eggs, Grade A, large",Protein,dozen,1,1.5057,12
2021,APU0000708111,Eggs,"Eggs, Grade A, large",Protein,dozen,1,1.674,12
2022,APU0000708111,Eggs,"Eggs, Grade A, large",Protein,dozen,1,2.8568,12
2023,APU0000708111,Eggs,"Eggs, Grade A, large",Protein,dozen,1,2.7962,12
2024,APU0000708111,Eggs,"Eggs, Grade A, large",Protein,dozen,1,3.1715,12
1996,APU0000709112,Whole milk,"Milk, fresh, whole, fortified",Dairy,gallon,1,2.6232,12
1997,APU0000709112,Whole milk,"Milk, fresh, whole, fortified",Dairy,gallon,1,2.614,12
1998,APU0000709112,Whole milk,"Milk, fresh, whole, fortified",Dairy,gallon,1,2.7037,12
1999,APU0000709112,Whole milk,"Milk, fresh, whole, fortified",Dairy,gallon,1,2.8428,12
2000,APU0000709112,Whole milk,"Milk, fresh, whole, fortified",Dairy,gallon,1,2.7807,12
2001,APU0000709112,Whole milk,"Milk, fresh, whole, fortified",Dairy,gallon,1,2.8842,12
2002,APU0000709112,Whole milk,"Milk, fresh, whole, fortified",Dairy,gallon,1,2.7572,12
2003,APU0000709112,Whole milk,"Milk, fresh, whole, fortified",Dairy,gallon,1,2.7611,12
2004,APU0000709112,Whole milk,"Milk, fresh, whole, fortified",Dairy,gallon,1,3.1559,12
2005,APU0000709112,Whole milk,"Milk, fresh, whole, fortified",Dairy,gallon,1,3.1868,12
2006,APU0000709112,Whole milk,"Milk, fresh, whole, fortified",Dairy,gallon,1,3.0813,12
2007,APU0000709112,Whole milk,"Milk, fresh, whole, fortified",Dairy,gallon,1,3.5032,12
2008,APU0000709112,Whole milk,"Milk, fresh, whole, fortified",Dairy,gallon,1,3.7953,12
2009,APU0000709112,Whole milk,"Milk, fresh, whole, fortified",Dairy,gallon,1,3.109,12
2010,APU0000709112,Whole milk,"Milk, fresh, whole, fortified",Dairy,gallon,1,3.2585,12
2011,APU0000709112,Whole milk,"Milk, fresh, whole, fortified",Dairy,gallon,1,3.5716,12
2012,APU0000709112,Whole milk,"Milk, fresh, whole, fortified",Dairy,gallon,1,3.4925,12
2013,APU0000709112,Whole milk,"Milk, fresh, whole, fortified",Dairy,gallon,1,3.4619,12
2014,APU0000709112,Whole milk,"Milk, fresh, whole, fortified",Dairy,gallon,1,3.6937,12
2015,APU0000709112,Whole milk,"Milk, fresh, whole, fortified",Dairy,gallon,1,3.4187,12
2016,APU0000709112,Whole milk,"Milk, fresh, whole, fortified",Dairy,gallon,1,3.2043,12
2017,APU0000709112,Whole milk,"Milk, fresh, whole, fortified",Dairy,gallon,1,3.2255,12
2018,APU0000709112,Whole milk,"Milk, fresh, whole, fortified",Dairy,gallon,1,2.8958,12
2019,APU0000709112,Whole milk,"Milk, fresh, whole, fortified",Dairy,gallon,1,3.0357,12
2020,APU0000709112,Whole milk,"Milk, fresh, whole, fortified",Dairy,gallon,1,3.3184,12
2021,APU0000709112,Whole milk,"Milk, fresh, whole, fortified",Dairy,gallon,1,3.5445,12
2022,APU0000709112,Whole milk,"Milk, fresh, whole, fortified",Dairy,gallon,1,4.091,12
2023,APU0000709112,Whole milk,"Milk, fresh, whole, fortified",Dairy,gallon,1,4.0274,12
2024,APU0000709112,Whole milk,"Milk, fresh, whole, fortified",Dairy,gallon,1,3.9839,12
1984,APU0000710212,Cheddar cheese,"Cheddar cheese, natural",Dairy,lb,1,3.0653,12
1985,APU0000710212,Cheddar cheese,"Cheddar cheese, natural",Dairy,lb,1,3.0935,12
1986,APU0000710212,Cheddar cheese,"Cheddar cheese, natural",Dairy,lb,1,3.0491,12
1987,APU0000710212,Cheddar cheese,"Cheddar cheese, natural",Dairy,lb,1,3.0556,12
1988,APU0000710212,Cheddar cheese,"Cheddar cheese, natural",Dairy,lb,1,3.1649,12
1991,APU0000710212,Cheddar cheese,"Cheddar cheese, natural",Dairy,lb,1,3.5513,12
1992,APU0000710212,Cheddar cheese,"Cheddar cheese, natural",Dairy,lb,1,3.5698,12
1993,APU0000710212,Cheddar cheese,"Cheddar cheese, natural",Dairy,lb,1,3.3422,12
1994,APU0000710212,Cheddar cheese,"Cheddar cheese, natural",Dairy,lb,1,3.3507,12
1995,APU0000710212,Cheddar cheese,"Cheddar cheese, natural",Dairy,lb,1,3.3886,12
1996,APU0000710212,Cheddar cheese,"Cheddar cheese, natural",Dairy,lb,1,3.2481,12
1997,APU0000710212,Cheddar cheese,"Cheddar cheese, natural",Dairy,lb,1,3.2197,12
1998,APU0000710212,Cheddar cheese,"Cheddar cheese, natural",Dairy,lb,1,3.5475,12
1999,APU0000710212,Cheddar cheese,"Cheddar cheese, natural",Dairy,lb,1,3.7698,12
2000,APU0000710212,Cheddar cheese,"Cheddar cheese, natural",Dairy,lb,1,3.8299,12
2001,APU0000710212,Cheddar cheese,"Cheddar cheese, natural",Dairy,lb,1,4.0269,12
2002,APU0000710212,Cheddar cheese,"Cheddar cheese, natural",Dairy,lb,1,4.2181,12
2003,APU0000710212,Cheddar cheese,"Cheddar cheese, natural",Dairy,lb,1,3.9484,12
2004,APU0000710212,Cheddar cheese,"Cheddar cheese, natural",Dairy,lb,1,4.2729,12
2005,APU0000710212,Cheddar cheese,"Cheddar cheese, natural",Dairy,lb,1,4.3815,12
2006,APU0000710212,Cheddar cheese,"Cheddar cheese, natural",Dairy,lb,1,4.2548,12
2007,APU0000710212,Cheddar cheese,"Cheddar cheese, natural",Dairy,lb,1,4.2299,12
2008,APU0000710212,Cheddar cheese,"Cheddar cheese, natural",Dairy,lb,1,4.7253,12
2009,APU0000710212,Cheddar cheese,"Cheddar cheese, natural",Dairy,lb,1,4.6688,12
2010,APU0000710212,Cheddar cheese,"Cheddar cheese, natural",Dairy,lb,1,4.7098,12
2011,APU0000710212,Cheddar cheese,"Cheddar cheese, natural",Dairy,lb,1,5.4188,12
2012,APU0000710212,Cheddar cheese,"Cheddar cheese, natural",Dairy,lb,1,5.6254,12
2013,APU0000710212,Cheddar cheese,"Cheddar cheese, natural",Dairy,lb,1,5.5575,12
2014,APU0000710212,Cheddar cheese,"Cheddar cheese, natural",Dairy,lb,1,5.5427,12
2015,APU0000710212,Cheddar cheese,"Cheddar cheese, natural",Dairy,lb,1,5.3792,12
2016,APU0000710212,Cheddar cheese,"Cheddar cheese, natural",Dairy,lb,1,5.2348,12
2017,APU0000710212,Cheddar cheese,"Cheddar cheese, natural",Dairy,lb,1,4.8954,12
2018,APU0000710212,Cheddar cheese,"Cheddar cheese, natural",Dairy,lb,1,5.135,12
2019,APU0000710212,Cheddar cheese,"Cheddar cheese, natural",Dairy,lb,1,5.3077,12
2020,APU0000710212,Cheddar cheese,"Cheddar cheese, natural",Dairy,lb,1,5.4963,12
2021,APU0000710212,Cheddar cheese,"Cheddar cheese, natural",Dairy,lb,1,5.44,12
2022,APU0000710212,Cheddar cheese,"Cheddar cheese, natural",Dairy,lb,1,5.7623,12
2023,APU0000710212,Cheddar cheese,"Cheddar cheese, natural",Dairy,lb,1,5.8229,12
2024,APU0000710212,Cheddar cheese,"Cheddar cheese, natural",Dairy,lb,1,5.6643,12
1980,APU0000711211,Bananas,Bananas,Produce,lb,2,0.3418,12
1981,APU0000711211,Bananas,Bananas,Produce,lb,2,0.362,12
1982,APU0000711211,Bananas,Bananas,Produce,lb,2,0.3538,12
1983,APU0000711211,Bananas,Bananas,Produce,lb,2,0.3858,12
1984,APU0000711211,Bananas,Bananas,Produce,lb,2,0.3594,12
1985,APU0000711211,Bananas,Bananas,Produce,lb,2,0.3669,12
1986,APU0000711211,Bananas,Bananas,Produce,lb,2,0.3848,12
1988,APU0000711211,Bananas,Bananas,Produce,lb,2,0.4182,12
1989,APU0000711211,Bananas,Bananas,Produce,lb,2,0.4487,12
1990,APU0000711211,Bananas,Bananas,Produce,lb,2,0.4632,12
1991,APU0000711211,Bananas,Bananas,Produce,lb,2,0.481,12
1992,APU0000711211,Bananas,Bananas,Produce,lb,2,0.4581,12
1993,APU0000711211,Bananas,Bananas,Produce,lb,2,0.4387,12
1994,APU0000711211,Bananas,Bananas,Produce,lb,2,0.4622,12
1995,APU0000711211,Bananas,Bananas,Produce,lb,2,0.4897,12
1996,APU0000711211,Bananas,Bananas,Produce,lb,2,0.4896,12
1997,APU0000711211,Bananas,Bananas,Produce,lb,2,0.4866,12
1998,APU0000711211,Bananas,Bananas,Produce,lb,2,0.4939,12
1999,APU0000711211,Bananas,Bananas,Produce,lb,2,0.4908,12
2000,APU0000711211,Bananas,Bananas,Produce,lb,2,0.501,12
2001,APU0000711211,Bananas,Bananas,Produce,lb,2,0.5067,12
2002,APU0000711211,Bananas,Bananas,Produce,lb,2,0.5075,12
2003,APU0000711211,Bananas,Bananas,Produce,lb,2,0.5087,12
2004,APU0000711211,Bananas,Bananas,Produce,lb,2,0.4952,12
2005,APU0000711211,Bananas,Bananas,Produce,lb,2,0.4922,12
2006,APU0000711211,Bananas,Bananas,Produce,lb,2,0.5003,12
2007,APU0000711211,Bananas,Bananas,Produce,lb,2,0.5102,12
2008,APU0000711211,Bananas,Bananas,Produce,lb,2,0.6093,12
2009,APU0000711211,Bananas,Bananas,Produce,lb,2,0.6112,12
2010,APU0000711211,Bananas,Bananas,Produce,lb,2,0.5797,12
2011,APU0000711211,Bananas,Bananas,Produce,lb,2,0.6102,12
2012,APU0000711211,Bananas,Bananas,Produce,lb,2,0.6021,12
2013,APU0000711211,Bananas,Bananas,Produce,lb,2,0.5996,12
2014,APU0000711211,Bananas,Bananas,Produce,lb,2,0.5981,12
2015,APU0000711211,Bananas,Bananas,Produce,lb,2,0.5827,12
2016,APU0000711211,Bananas,Bananas,Produce,lb,2,0.573,12
2017,APU0000711211,Bananas,Bananas,Produce,lb,2,0.5626,12
2018,APU0000711211,Bananas,Bananas,Produce,lb,2,0.5738,12
2019,APU0000711211,Bananas,Bananas,Produce,lb,2,0.5736,12
2020,APU0000711211,Bananas,Bananas,Produce,lb,2,0.5779,12
2021,APU0000711211,Bananas,Bananas,Produce,lb,2,0.6001,12
2022,APU0000711211,Bananas,Bananas,Produce,lb,2,0.6365,12
2023,APU0000711211,Bananas,Bananas,Produce,lb,2,0.6304,12
2024,APU0000711211,Bananas,Bananas,Produce,lb,2,0.6202,12
2008,APU0000711311,Navel oranges,"Oranges, Navel",Produce,lb,2,1.1163,12
2009,APU0000711311,Navel oranges,"Oranges, Navel",Produce,lb,2,1.0504,12
2010,APU0000711311,Navel oranges,"Oranges, Navel",Produce,lb,2,1.0617,12
2011,APU0000711311,Navel oranges,"Oranges, Navel",Produce,lb,2,1.0958,12
2012,APU0000711311,Navel oranges,"Oranges, Navel",Produce,lb,2,1.0532,12
2013,APU0000711311,Navel oranges,"Oranges, Navel",Produce,lb,2,1.1508,12
2014,APU0000711311,Navel oranges,"Oranges, Navel",Produce,lb,2,1.3189,12
2015,APU0000711311,Navel oranges,"Oranges, Navel",Produce,lb,2,1.3044,12
2016,APU0000711311,Navel oranges,"Oranges, Navel",Produce,lb,2,1.2459,12
2017,APU0000711311,Navel oranges,"Oranges, Navel",Produce,lb,2,1.3407,12
2018,APU0000711311,Navel oranges,"Oranges, Navel",Produce,lb,2,1.4128,12
2019,APU0000711311,Navel oranges,"Oranges, Navel",Produce,lb,2,1.3667,12
2023,APU0000711311,Navel oranges,"Oranges, Navel",Produce,lb,2,1.5798,12
2024,APU0000711311,Navel oranges,"Oranges, Navel",Produce,lb,2,1.6155,12
1988,APU0000712112,White potatoes,"Potatoes, white",Produce,lb,3,0.2607,12
1989,APU0000712112,White potatoes,"Potatoes, white",Produce,lb,3,0.3417,12
1990,APU0000712112,White potatoes,"Potatoes, white",Produce,lb,3,0.3706,12
1991,APU0000712112,White potatoes,"Potatoes, white",Produce,lb,3,0.3297,12
1992,APU0000712112,White potatoes,"Potatoes, white",Produce,lb,3,0.3045,12
1993,APU0000712112,White potatoes,"Potatoes, white",Produce,lb,3,0.3484,12
1994,APU0000712112,White potatoes,"Potatoes, white",Produce,lb,3,0.374,12
1995,APU0000712112,White potatoes,"Potatoes, white",Produce,lb,3,0.3793,12
1996,APU0000712112,White potatoes,"Potatoes, white",Produce,lb,3,0.381,12
1997,APU0000712112,White potatoes,"Potatoes, white",Produce,lb,3,0.3556,12
1998,APU0000712112,White potatoes,"Potatoes, white",Produce,lb,3,0.3755,12
1999,APU0000712112,White potatoes,"Potatoes, white",Produce,lb,3,0.3942,12
2000,APU0000712112,White potatoes,"Potatoes, white",Produce,lb,3,0.3798,12
2001,APU0000712112,White potatoes,"Potatoes, white",Produce,lb,3,0.39,12
2002,APU0000712112,White potatoes,"Potatoes, white",Produce,lb,3,0.4933,12
2003,APU0000712112,White potatoes,"Potatoes, white",Produce,lb,3,0.4585,12
2004,APU0000712112,White potatoes,"Potatoes, white",Produce,lb,3,0.4536,12
2005,APU0000712112,White potatoes,"Potatoes, white",Produce,lb,3,0.4713,12
2006,APU0000712112,White potatoes,"Potatoes, white",Produce,lb,3,0.5337,12
2007,APU0000712112,White potatoes,"Potatoes, white",Produce,lb,3,0.5248,12
2008,APU0000712112,White potatoes,"Potatoes, white",Produce,lb,3,0.6309,12
2009,APU0000712112,White potatoes,"Potatoes, white",Produce,lb,3,0.6218,12
2010,APU0000712112,White potatoes,"Potatoes, white",Produce,lb,3,0.577,12
2011,APU0000712112,White potatoes,"Potatoes, white",Produce,lb,3,0.6769,12
2012,APU0000712112,White potatoes,"Potatoes, white",Produce,lb,3,0.6592,12
2013,APU0000712112,White potatoes,"Potatoes, white",Produce,lb,3,0.6676,12
2014,APU0000712112,White potatoes,"Potatoes, white",Produce,lb,3,0.6739,12
2015,APU0000712112,White potatoes,"Potatoes, white",Produce,lb,3,0.6496,12
2016,APU0000712112,White potatoes,"Potatoes, white",Produce,lb,3,0.6813,12
2017,APU0000712112,White potatoes,"Potatoes, white",Produce,lb,3,0.7237,12
2018,APU0000712112,White potatoes,"Potatoes, white",Produce,lb,3,0.7397,12
2019,APU0000712112,White potatoes,"Potatoes, white",Produce,lb,3,0.7673,12
2021,APU0000712112,White potatoes,"Potatoes, white",Produce,lb,3,0.7801,12
2022,APU0000712112,White potatoes,"Potatoes, white",Produce,lb,3,0.9063,12
2023,APU0000712112,White potatoes,"Potatoes, white",Produce,lb,3,1.0046,12
2024,APU0000712112,White potatoes,"Potatoes, white",Produce,lb,3,0.982,12
1980,APU0000712211,Iceberg lettuce,"Lettuce, iceberg",Produce,lb,1,0.4522,12
1981,APU0000712211,Iceberg lettuce,"Lettuce, iceberg",Produce,lb,1,0.4874,12
1982,APU0000712211,Iceberg lettuce,"Lettuce, iceberg",Produce,lb,1,0.5731,12
1983,APU0000712211,Iceberg lettuce,"Lettuce, iceberg",Produce,lb,1,0.5539,12
1984,APU0000712211,Iceberg lettuce,"Lettuce, iceberg",Produce,lb,1,0.5126,12
1985,APU0000712211,Iceberg lettuce,"Lettuce, iceberg",Produce,lb,1,0.5383,12
1986,APU0000712211,Iceberg lettuce,"Lettuce, iceberg",Produce,lb,1,0.5279,12
1988,APU0000712211,Iceberg lettuce,"Lettuce, iceberg",Produce,lb,1,0.6282,12
1989,APU0000712211,Iceberg lettuce,"Lettuce, iceberg",Produce,lb,1,0.6048,12
1990,APU0000712211,Iceberg lettuce,"Lettuce, iceberg",Produce,lb,1,0.5779,12
1991,APU0000712211,Iceberg lettuce,"Lettuce, iceberg",Produce,lb,1,0.6047,12
1992,APU0000712211,Iceberg lettuce,"Lettuce, iceberg",Produce,lb,1,0.5767,12
1993,APU0000712211,Iceberg lettuce,"Lettuce, iceberg",Produce,lb,1,0.6559,12
1994,APU0000712211,Iceberg lettuce,"Lettuce, iceberg",Produce,lb,1,0.6077,12
1995,APU0000712211,Iceberg lettuce,"Lettuce, iceberg",Produce,lb,1,0.8013,12
1996,APU0000712211,Iceberg lettuce,"Lettuce, iceberg",Produce,lb,1,0.6477,12
1997,APU0000712211,Iceberg lettuce,"Lettuce, iceberg",Produce,lb,1,0.694,12
1998,APU0000712211,Iceberg lettuce,"Lettuce, iceberg",Produce,lb,1,0.7567,12
1999,APU0000712211,Iceberg lettuce,"Lettuce, iceberg",Produce,lb,1,0.6744,12
2000,APU0000712211,Iceberg lettuce,"Lettuce, iceberg",Produce,lb,1,0.7359,12
2001,APU0000712211,Iceberg lettuce,"Lettuce, iceberg",Produce,lb,1,0.7928,12
2002,APU0000712211,Iceberg lettuce,"Lettuce, iceberg",Produce,lb,1,0.8612,12
2003,APU0000712211,Iceberg lettuce,"Lettuce, iceberg",Produce,lb,1,0.823,12
2004,APU0000712211,Iceberg lettuce,"Lettuce, iceberg",Produce,lb,1,0.7978,12
2005,APU0000712211,Iceberg lettuce,"Lettuce, iceberg",Produce,lb,1,0.8702,12
2006,APU0000712211,Iceberg lettuce,"Lettuce, iceberg",Produce,lb,1,0.8655,12
2007,APU0000712211,Iceberg lettuce,"Lettuce, iceberg",Produce,lb,1,0.9283,12
2008,APU0000712211,Iceberg lettuce,"Lettuce, iceberg",Produce,lb,1,0.9053,12
2009,APU0000712211,Iceberg lettuce,"Lettuce, iceberg",Produce,lb,1,0.9133,12
2010,APU0000712211,Iceberg lettuce,"Lettuce, iceberg",Produce,lb,1,0.8747,12
2011,APU0000712211,Iceberg lettuce,"Lettuce, iceberg",Produce,lb,1,0.9888,12
2012,APU0000712211,Iceberg lettuce,"Lettuce, iceberg",Produce,lb,1,0.857,12
2014,APU0000712211,Iceberg lettuce,"Lettuce, iceberg",Produce,lb,1,1.0528,12
2015,APU0000712211,Iceberg lettuce,"Lettuce, iceberg",Produce,lb,1,1.1615,12
2016,APU0000712211,Iceberg lettuce,"Lettuce, iceberg",Produce,lb,1,1.0636,12
2017,APU0000712211,Iceberg lettuce,"Lettuce, iceberg",Produce,lb,1,1.0293,12
2018,APU0000712211,Iceberg lettuce,"Lettuce, iceberg",Produce,lb,1,0.944,12
2019,APU0000712211,Iceberg lettuce,"Lettuce, iceberg",Produce,lb,1,1.1843,12
2024,APU0000712211,Iceberg lettuce,"Lettuce, iceberg",Produce,lb,1,1.592,12
1980,APU0000712311,Tomatoes,"Tomatoes, field grown",Produce,lb,2,0.6737,12
1981,APU0000712311,Tomatoes,"Tomatoes, field grown",Produce,lb,2,0.7698,12
1982,APU0000712311,Tomatoes,"Tomatoes, field grown",Produce,lb,2,0.7387,12
1983,APU0000712311,Tomatoes,"Tomatoes, field grown",Produce,lb,2,0.7845,12
1984,APU0000712311,Tomatoes,"Tomatoes, field grown",Produce,lb,2,0.8073,12
1985,APU0000712311,Tomatoes,"Tomatoes, field grown",Produce,lb,2,0.7782,12
1986,APU0000712311,Tomatoes,"Tomatoes, field grown",Produce,lb,2,0.8237,12
1988,APU0000712311,Tomatoes,"Tomatoes, field grown",Produce,lb,2,0.8341,12
1989,APU0000712311,Tomatoes,"Tomatoes, field grown",Produce,lb,2,0.912,12
1990,APU0000712311,Tomatoes,"Tomatoes, field grown",Produce,lb,2,1.0803,12
1991,APU0000712311,Tomatoes,"Tomatoes, field grown",Produce,lb,2,1.0066,12
1992,APU0000712311,Tomatoes,"Tomatoes, field grown",Produce,lb,2,1.0942,12
1993,APU0000712311,Tomatoes,"Tomatoes, field grown",Produce,lb,2,1.0837,12
1994,APU0000712311,Tomatoes,"Tomatoes, field grown",Produce,lb,2,1.0858,12
1995,APU0000712311,Tomatoes,"Tomatoes, field grown",Produce,lb,2,1.1562,12
1996,APU0000712311,Tomatoes,"Tomatoes, field grown",Produce,lb,2,1.21,12
1997,APU0000712311,Tomatoes,"Tomatoes, field grown",Produce,lb,2,1.2929,12
1998,APU0000712311,Tomatoes,"Tomatoes, field grown",Produce,lb,2,1.4762,12
1999,APU0000712311,Tomatoes,"Tomatoes, field grown",Produce,lb,2,1.3697,12
2000,APU0000712311,Tomatoes,"Tomatoes, field grown",Produce,lb,2,1.382,12
2001,APU0000712311,Tomatoes,"Tomatoes, field grown",Produce,lb,2,1.3203,12
2002,APU0000712311,Tomatoes,"Tomatoes, field grown",Produce,lb,2,1.3245,12
2003,APU0000712311,Tomatoes,"Tomatoes, field grown",Produce,lb,2,1.5091,12
2004,APU0000712311,Tomatoes,"Tomatoes, field grown",Produce,lb,2,1.6063,12
2005,APU0000712311,Tomatoes,"Tomatoes, field grown",Produce,lb,2,1.6111,12
2006,APU0000712311,Tomatoes,"Tomatoes, field grown",Produce,lb,2,1.7317,12
2007,APU0000712311,Tomatoes,"Tomatoes, field grown",Produce,lb,2,1.6466,12
2008,APU0000712311,Tomatoes,"Tomatoes, field grown",Produce,lb,2,1.7441,12
2009,APU0000712311,Tomatoes,"Tomatoes, field grown",Produce,lb,2,1.6227,12
2010,APU0000712311,Tomatoes,"Tomatoes, field grown",Produce,lb,2,1.6924,12
2011,APU0000712311,Tomatoes,"Tomatoes, field grown",Produce,lb,2,1.6673,12
2012,APU0000712311,Tomatoes,"Tomatoes, field grown",Produce,lb,2,1.4566,12
2014,APU0000712311,Tomatoes,"Tomatoes, field grown",Produce,lb,2,1.7073,12
2015,APU0000712311,Tomatoes,"Tomatoes, field grown",Produce,lb,2,1.8412,12
2016,APU0000712311,Tomatoes,"Tomatoes, field grown",Produce,lb,2,1.9256,12
2017,APU0000712311,Tomatoes,"Tomatoes, field grown",Produce,lb,2,1.931,12
2018,APU0000712311,Tomatoes,"Tomatoes, field grown",Produce,lb,2,1.9163,12
2019,APU0000712311,Tomatoes,"Tomatoes, field grown",Produce,lb,2,1.9305,12
2021,APU0000712311,Tomatoes,"Tomatoes, field grown",Produce,lb,2,1.8491,12
2022,APU0000712311,Tomatoes,"Tomatoes, field grown",Produce,lb,2,1.9118,12
2023,APU0000712311,Tomatoes,"Tomatoes, field grown",Produce,lb,2,1.9195,12
2024,APU0000712311,Tomatoes,"Tomatoes, field grown",Produce,lb,2,1.995,12
1996,APU0000714233,Dry beans,"Beans, dried, any type",Pantry,lb,2,0.6942,12
1997,APU0000714233,Dry beans,"Beans, dried, any type",Pantry,lb,2,0.7202,12
1998,APU0000714233,Dry beans,"Beans, dried, any type",Pantry,lb,2,0.69,12
1999,APU0000714233,Dry beans,"Beans, dried, any type",Pantry,lb,2,0.6964,12
2000,APU0000714233,Dry beans,"Beans, dried, any type",Pantry,lb,2,0.6869,12
2001,APU0000714233,Dry beans,"Beans, dried, any type",Pantry,lb,2,0.6872,12
2002,APU0000714233,Dry beans,"Beans, dried, any type",Pantry,lb,2,0.7283,12
2003,APU0000714233,Dry beans,"Beans, dried, any type",Pantry,lb,2,0.7601,12
2004,APU0000714233,Dry beans,"Beans, dried, any type",Pantry,lb,2,0.7674,12
2005,APU0000714233,Dry beans,"Beans, dried, any type",Pantry,lb,2,0.802,12
2006,APU0000714233,Dry beans,"Beans, dried, any type",Pantry,lb,2,0.8237,12
2007,APU0000714233,Dry beans,"Beans, dried, any type",Pantry,lb,2,0.9417,12
2008,APU0000714233,Dry beans,"Beans, dried, any type",Pantry,lb,2,1.2107,12
2009,APU0000714233,Dry beans,"Beans, dried, any type",Pantry,lb,2,1.3931,12
2010,APU0000714233,Dry beans,"Beans, dried, any type",Pantry,lb,2,1.3256,12
2011,APU0000714233,Dry beans,"Beans, dried, any type",Pantry,lb,2,1.3556,12
2012,APU0000714233,Dry beans,"Beans, dried, any type",Pantry,lb,2,1.4367,12
2013,APU0000714233,Dry beans,"Beans, dried, any type",Pantry,lb,2,1.4197,12
2014,APU0000714233,Dry beans,"Beans, dried, any type",Pantry,lb,2,1.4744,12
2015,APU0000714233,Dry beans,"Beans, dried, any type",Pantry,lb,2,1.4861,12
2016,APU0000714233,Dry beans,"Beans, dried, any type",Pantry,lb,2,1.4123,12
2017,APU0000714233,Dry beans,"Beans, dried, any type",Pantry,lb,2,1.3575,12
2018,APU0000714233,Dry beans,"Beans, dried, any type",Pantry,lb,2,1.3423,12
2019,APU0000714233,Dry beans,"Beans, dried, any type",Pantry,lb,2,1.3442,12
2021,APU0000714233,Dry beans,"Beans, dried, any type",Pantry,lb,2,1.448,12
2022,APU0000714233,Dry beans,"Beans, dried, any type",Pantry,lb,2,1.6377,12
2023,APU0000714233,Dry beans,"Beans, dried, any type",Pantry,lb,2,1.6731,12
2024,APU0000714233,Dry beans,"Beans, dried, any type",Pantry,lb,2,1.6672,12
2006,APU0000FF1101,Boneless chicken breast,"Chicken breast, boneless",Protein,lb,2,3.2982,12
2007,APU0000FF1101,Boneless chicken breast,"Chicken breast, boneless",Protein,lb,2,3.4268,12
2008,APU0000FF1101,Boneless chicken breast,"Chicken breast, boneless",Protein,lb,2,3.3997,12
2009,APU0000FF1101,Boneless chicken breast,"Chicken breast, boneless",Protein,lb,2,3.3323,12
2010,APU0000FF1101,Boneless chicken breast,"Chicken breast, boneless",Protein,lb,2,3.3036,12
2011,APU0000FF1101,Boneless chicken breast,"Chicken breast, boneless",Protein,lb,2,3.1856,12
2012,APU0000FF1101,Boneless chicken breast,"Chicken breast, boneless",Protein,lb,2,3.2403,12
2013,APU0000FF1101,Boneless chicken breast,"Chicken breast, boneless",Protein,lb,2,3.452,12
2014,APU0000FF1101,Boneless chicken breast,"Chicken breast, boneless",Protein,lb,2,3.4621,12
2015,APU0000FF1101,Boneless chicken breast,"Chicken breast, boneless",Protein,lb,2,3.41,12
2016,APU0000FF1101,Boneless chicken breast,"Chicken breast, boneless",Protein,lb,2,3.2494,12
2017,APU0000FF1101,Boneless chicken breast,"Chicken breast, boneless",Protein,lb,2,3.2039,12
2018,APU0000FF1101,Boneless chicken breast,"Chicken breast, boneless",Protein,lb,2,3.0753,12
2019,APU0000FF1101,Boneless chicken breast,"Chicken breast, boneless",Protein,lb,2,3.0163,12
2020,APU0000FF1101,Boneless chicken breast,"Chicken breast, boneless",Protein,lb,2,3.2231,12
2021,APU0000FF1101,Boneless chicken breast,"Chicken breast, boneless",Protein,lb,2,3.4504,12
2022,APU0000FF1101,Boneless chicken breast,"Chicken breast, boneless",Protein,lb,2,4.3236,12
2023,APU0000FF1101,Boneless chicken breast,"Chicken breast, boneless",Protein,lb,2,4.2292,12
2024,APU0000FF1101,Boneless chicken breast,"Chicken breast, boneless",Protein,lb,2,4.0455,12
